{
    "default_config": [135, 136, 137, 138, 139, 140, 141, 142, 143, 144, 145, 146, 147, 148, 149, 150, 151, 152, 153, 154, 155],
    "current_best_config": [6, 34, 50, 89, 95, 105, 117, 125, 134, 136, 137, 140, 141, 143, 144, 145, 146, 147, 149, 150, 154],
    "vn_kv": 13.8,
    "sn_mva": 1,
    "max_i_ka": 0.2,
    "buses": {
        "nr": 136,
        "geodata": null
        },
    "ext_grid": {
        "buses": [0]
        },
    "loads": {
        "buses": [1, 2, 3, 4, 5, 6, 7, 8, 9, 10, 11, 12, 13, 14, 15, 16, 17, 18, 19, 20, 21, 22, 23, 24, 25, 26, 27, 28, 29, 30, 31, 32, 33, 34, 35, 36, 37, 38, 39, 40, 41, 42,
             43, 44, 45, 46, 47, 48, 49, 50, 51, 52, 53, 54, 55, 56, 57, 58, 59, 60, 61, 62, 63, 64, 65, 66, 67, 68, 69, 70, 71, 72, 73, 74, 75, 76, 77, 78, 79, 80, 81, 82, 83,
              84, 85, 86, 87, 88, 89, 90, 91, 92, 93, 94, 95, 96, 97, 98, 99, 100, 101, 102, 103, 104, 105, 106, 107, 108, 109, 110, 111, 112, 113, 114, 115, 116, 117, 118, 119,
               120, 121, 122, 123, 124, 125, 126, 127, 128, 129, 130, 131, 132, 133, 134, 135],
        "p_mw": [0, 0.04778, 0.042551, 0.087022, 0.31131, 0.148869, 0.238672, 0.062299, 0.124598, 0.140175, 0.116813, 0.249203, 0.291447, 0.30372, 0.215396, 0.198586, 0, 0, 0,
             0.030127, 0.230972, 0.060256, 0.230972, 0.120507, 0, 0.056981, 0.364665, 0, 0.124647, 0.056981, 0, 0.085473, 0, 0.396735, 0, 0.181152, 0.242172, 0.075316, 0, 0.001254,
              0.006274, 0, 0.11788, 0.062668, 0.172285, 0.458556, 0.262962, 0.235761, 0, 0.109215, 0, 0.072809, 0.258473, 0.069169, 0.021843, 0, 0.020527, 0.150548, 0.220687, 0.092384,
               0, 0.226693, 0, 0.294016, 0.083015, 0.083015, 0.10377, 0.176408, 0.083015, 0.217917, 0.023294, 0.005075, 0.072638, 0.40599, 0, 0.100182, 0.142523, 0.096042, 0.300454,
                0.141238, 0.279847, 0.087312, 0.243849, 0.24775, 0, 0.089878, 1.13728, 0.458339, 0.385197, 0, 0.079608, 0.087312, 0, 0.074001, 0.23205, 0.141819, 0, 0.076449, 0, 
                0.051322, 0.059874, 0.009065, 0.002092, 0.016735, 1.506522, 0.313023, 0.079831, 0.051322, 0, 0.202435, 0.060823, 0.045618, 0, 0.15707, 0, 0.250148, 0, 0.068809, 
                0.032072, 0.061084, 0, 0.094622, 0.049858, 0.123164, 0.07835, 0.145475, 0.021369, 0.074789, 0.227926, 0.035614, 0.249295, 0.316722, 0.333817, 0.249295, 0],
        "q_mvar": [0, 0.019009, 0.016929, 0.034622, 0.123855, 0.059228, 0.094956, 0.024786, 0.049571, 0.055768, 0.046474, 0.099145, 0.115592, 0.120835, 0.085695, 0.079007, 0, 0, 0,
             0.014729, 0.11292, 0.029459, 0.11292, 0.058915, 0, 0.027857, 0.178281, 0, 0.060939, 0.027857, 0, 0.041787, 0, 0.19396, 0, 0.088563, 0.118395, 0.036821, 0, 0.000531,
              0.00266, 0, 0.049971, 0.025566, 0.073034, 0.194388, 0.111473, 0.099942, 0, 0.046298, 0, 0.030865, 0.10957, 0.029322, 0.00926, 0, 0.008702, 0.063819, 0.093552, 0.039163,
               0, 0.096098, 0, 0.116974, 0.033028, 0.033028, 0.041285, 0.070184, 0.033028, 0.086698, 0.009267, 0.002019, 0.028899, 0.161523, 0, 0.042468, 0.060417, 0.040713, 0.127366,
                0.059873, 0.118631, 0.037013, 0.103371, 0.105025, 0, 0.038101, 0.482108, 0.194296, 0.16329, 0, 0.033747, 0.037013, 0, 0.03137, 0.098369, 0.060119, 0, 0.032408, 0,
                 0.021756, 0.025381, 0.003843, 0.000887, 0.007094, 0.638634, 0.132694, 0.033842, 0.021756, 0, 0.085815, 0.025874, 0.019338, 0, 0.066584, 0, 0.106041, 0, 0.028593, 
                 0.013596, 0.025894, 0, 0.04626, 0.024375, 0.060214, 0.038304, 0.071121, 0.010447, 0.036564, 0.111431, 0.017411, 0.121877, 0.154842, 0.163199, 0.121877, 0],
        "p_kw":[0, 47.78, 42.551, 87.022, 311.31, 148.869, 238.672, 62.299, 124.598, 140.175, 116.813, 249.203, 291.447, 303.72, 215.396, 198.586, 0, 0, 0, 30.127, 230.972, 60.256,
             230.972, 120.507, 0, 56.981, 364.665, 0, 124.647, 56.981, 0, 85.473, 0, 396.735, 0, 181.152, 242.172, 75.316, 0, 1.254, 6.274, 0, 117.88, 62.668, 172.285, 458.556,
              262.962, 235.761, 0, 109.215, 0, 72.809, 258.473, 69.169, 21.843, 0, 20.527, 150.548, 220.687, 92.384, 0, 226.693, 0, 294.016, 83.015, 83.015, 103.77, 176.408, 83.015, 
              217.917, 23.294, 5.075, 72.638, 405.99, 0, 100.182, 142.523, 96.042, 300.454, 141.238, 279.847, 87.312, 243.849, 247.75, 0, 89.878, 1137.28, 458.339, 385.197, 0, 79.608,
               87.312, 0, 74.001, 232.05, 141.819, 0, 76.449, 0, 51.322, 59.874, 9.065, 2.092, 16.735, 1506.522, 313.023, 79.831, 51.322, 0, 202.435, 60.823, 45.618, 0, 157.07, 0, 
               250.148, 0, 68.809, 32.072, 61.084, 0, 94.622, 49.858, 123.164, 78.35, 145.475, 21.369, 74.789, 227.926, 35.614, 249.295, 316.722, 333.817, 249.295, 0],
        "q_kvar": [0, 19.009, 16.929, 34.622, 123.855, 59.228, 94.956, 24.786, 49.571, 55.768, 46.474, 99.145, 115.592, 120.835, 85.695, 79.007, 0, 0, 0, 14.729, 112.92, 29.459, 
            112.92, 58.915, 0, 27.857, 178.281, 0, 60.939, 27.857, 0, 41.787, 0, 193.96, 0, 88.563, 118.395, 36.821, 0, 0.531, 2.66, 0, 49.971, 25.566, 73.034, 194.388, 111.473, 
            99.942, 0, 46.298, 0, 30.865, 109.57, 29.322, 9.26, 0, 8.702, 63.819, 93.552, 39.163, 0, 96.098, 0, 116.974, 33.028, 33.028, 41.285, 70.184, 33.028, 86.698, 9.267, 
            2.019, 28.899, 161.523, 0, 42.468, 60.417, 40.713, 127.366, 59.873, 118.631, 37.013, 103.371, 105.025, 0, 38.101, 482.108, 194.296, 163.29, 0, 33.747, 37.013, 0, 31.37,
             98.369, 60.119, 0, 32.408, 0, 21.756, 25.381, 3.843, 0.887, 7.094, 638.634, 132.694, 33.842, 21.756, 0, 85.815, 25.874, 19.338, 0, 66.584, 0, 106.041, 0, 28.593, 13.596,
              25.894, 0, 46.26, 24.375, 60.214, 38.304, 71.121, 10.447, 36.564, 111.431, 17.411, 121.877, 154.842, 163.199, 121.877, 0] 
        },
    "shunts": {
        "buses": null,
        "q_mvar": null
        },
    "lines": {
        "from_buses": [0, 1, 2, 3, 4, 5, 6, 6, 8, 8, 10, 10, 10, 13, 13, 15, 0, 17, 18, 19, 20, 20, 22, 22, 24, 25, 26, 27, 28, 29, 28, 31, 32, 33, 31, 35, 36, 35, 0, 39, 40, 40,
             42, 43, 43, 45, 46, 47, 48, 49, 48, 51, 52, 53, 54, 52, 56, 57, 58, 59, 60, 47, 0, 63, 64, 65, 66, 67, 68, 68, 70, 71, 70, 73, 0, 75, 76, 77, 78, 79, 80, 81, 81, 83,
              0, 85, 86, 86, 88, 89, 90, 91, 92, 93, 94, 95, 93, 97, 0, 99, 100, 101, 101, 103, 104, 105, 106, 107, 108, 107, 110, 111, 112, 108, 114, 109, 116, 104, 118, 119, 0,
               121, 122, 123, 123, 125, 125, 127, 127, 129, 130, 131, 132, 133, 134, 7, 9, 15, 38, 25, 50, 55, 62, 66, 79, 84, 91, 90, 90, 92, 92, 96, 110, 126, 128, 135],
        "to_buses": [1, 2, 3, 4, 5, 6, 7, 8, 9, 10, 11, 12, 13, 14, 15, 16, 17, 18, 19, 20, 21, 22, 23, 24, 25, 26, 27, 28, 29, 30, 31, 32, 33, 34, 35, 36, 37, 38, 39, 40, 41, 
            42, 43, 44, 45, 46, 47, 48, 49, 50, 51, 52, 53, 54, 55, 56, 57, 58, 59, 60, 61, 62, 63, 64, 65, 66, 67, 68, 69, 70, 71, 72, 73, 74, 75, 76, 77, 78, 79, 80, 81, 82, 83,
             84, 85, 86, 87, 88, 89, 90, 91, 92, 93, 94, 95, 96, 97, 98, 99, 100, 101, 102, 103, 104, 105, 106, 107, 108, 109, 110, 111, 112, 113, 114, 115, 116, 117, 118, 119, 120,
              121, 122, 123, 124, 125, 126, 127, 128, 129, 130, 131, 132, 133, 134, 135, 73, 24, 83, 135, 51, 96, 98, 120, 79, 131, 135, 104, 129, 103, 104, 132, 120, 47, 76, 77, 98],